Geography,year,consumption_beer,consumption_ciders_coolers_and_other_refreshment_beverages,consumption_spirits,consumption_total_alcoholic_beverages,consumption_wines,total_population,population_18_21,population_15_64,population_65plus,share_18_21,share_15_64,share_65plus,adult_population,share_18_21_change,share_65plus_change,mean_income,median_income,income_q1_share,income_q2_share,income_q3_share,income_q4_share,share_under_30k,share_over_100k,income_inequality_ratio,alcohol_cpi,alcohol_offpremise_cpi,alcohol_onpremise_cpi,Alcoholic_beverages_tobacco_products_and_recreational_cannabis,beer_offpremise_cpi,beer_onpremise_cpi,food_cpi,food_restaurants_cpi,food_stores_cpi,spirits_offpremise_cpi,spirits_onpremise_cpi,owned_cpi,cannabis_cpi,rent_cpi,shelter_cpi,utilities_cpi,wine_offpremise_cpi,wine_onpremise_cpi,alcohol_basket_weight,cannabis_use_rate,cannabis_daily_rate,cannabis_occasional_rate,post_legalization,years_since_legalization,cannabis_use_rate_growth,cannabis_daily_rate_growth,log_consumption_total,year_centered,post_covid,year_2014,year_2015,year_2016,year_2017,year_2018,year_2019,year_2020,year_2021,year_2022,year_2023,year_2024
Alberta,2014,4.2,0.5,3.1,9.3,1.5,7528373,0,0,464049,0.0,0.0,0.061640011726305274,464049,0.0,0.000913494642559444,68900.0,52200.0,25.6,23.1,19.2,41.3,33.6,23.3,1.6132812499999998,131.0,129.9,133.7,140.6,147.3,151.609006928406,132.4,134.4,131.4,113.9,117.23194765204,166.5,78.9,129.2,160.5,173.2,118.1,121.55481139338,1.64,,,,,,,,2.2300144001592104,-1,0,True,False,False,False,False,False,False,False,False,False,False
Alberta,2015,4.2,0.5,3.1,9.4,1.6,7645690,0,0,481867,0.0,0.0,0.06302465833691923,481867,0.0,0.0013846466106139516,70000.0,50600.0,25.3,24.2,19.1,40.2,33.4,22.4,1.5889328063241108,132.5,131.1,135.5,145.6,150.5,155.551106025934,138.2,138.2,138.1,114.2,118.032799389779,172.1,78.9,133.0,163.9,168.2,117.4,121.340198321892,1.75,0.23,0.06,0.17,0.0,0.0,,,2.2407096892759584,0,0,False,True,False,False,False,False,False,False,False,False,False
Alberta,2016,4.0,0.5,3.1,9.3,1.7,7714838,0,0,502101,0.0,0.0,0.06508250724124084,502101,0.0,0.0020578489043216186,63700.0,48600.0,26.3,24.700000000000003,19.4,38.1,35.1,21.1,1.4486692015209126,136.5,135.4,138.9,158.2,158.2,162.289364844904,143.7,142.8,144.2,115.1,118.075258493353,175.6,78.9,133.2,163.1,152.3,121.1,124.23035450517,1.795,0.23,0.06,0.17,0.0,0.0,0.0,0.0,2.2300144001592104,1,0,False,False,True,False,False,False,False,False,False,False,False
Alberta,2017,3.8,0.5,3.0,8.9,1.6,7787398,0,0,524103,0.0,0.0,0.06730142725464912,524103,0.0,0.0022189200134082737,65300.0,50600.0,26.299999999999997,23.2,20.3,38.9,34.8,21.5,1.479087452471483,139.6,138.4,142.2,162.3,164.2,168.70838150289,139.9,147.0,136.2,116.2,119.390462427746,177.5,78.9,130.9,166.3,167.3,122.1,125.452456647399,1.84,0.23,0.06,0.17,0.0,0.0,0.0,0.0,2.186051276738094,2,0,False,False,False,True,False,False,False,False,False,False,False
Alberta,2018,3.7,0.5,2.9,8.8,1.6,7889183,0,0,548657,0.0,0.0,0.06954547764958678,548657,0.0,0.0022440503949376633,65500.0,49400.0,26.599999999999998,24.2,19.6,38.8,34.8,20.5,1.4586466165413534,142.3,141.5,144.3,166.3,169.2,172.548127208481,143.7,151.7,139.6,118.4,120.742897526502,179.3,78.9,130.5,167.1,167.2,123.4,125.84183745583,2.17,0.23,0.06,0.17,1.0,0.0,0.0,0.0,2.174751721484161,3,0,False,False,False,False,True,False,False,False,False,False,False
Alberta,2019,3.5,0.5,3.0,8.6,1.6,8004664,0,0,577725,0.0,0.0,0.07217354782162,577725,0.0,0.0026280701720332172,64000.0,49400.0,25.700000000000003,24.5,20.4,37.9,33.900000000000006,20.5,1.4747081712062255,145.8,141.3,154.8,171.3,167.6,183.612738853503,146.8,156.3,141.9,118.4,129.712101910828,183.4,100.0,133.4,171.7,176.0,125.1,137.052229299363,2.5,0.26,0.07,0.19,1.0,1.0,0.13043478260869557,0.16666666666666674,2.151762203259462,4,0,False,False,False,False,False,True,False,False,False,False,False
Alberta,2020,3.3,0.6,3.0,8.6,1.6,8098998,0,0,606936,0.0,0.0,0.07493964068147689,606936,0.0,0.002766092859856892,60900.0,45900.0,29.5,23.5,18.5,38.1,38.2,19.3,1.2915254237288136,146.4,140.5,157.2,171.2,165.6,185.283416370107,153.6,160.1,150.2,118.4,132.473167259786,185.7,78.9,132.7,174.6,185.4,124.5,139.298220640569,2.83,0.28,0.07,0.21000000000000002,1.0,2.0,0.0769230769230771,0.0,2.151762203259462,5,1,False,False,False,False,False,False,True,False,False,False,False
Alberta,2021,3.2,0.9,3.2,9.0,1.6,8144930,0,0,636049,0.0,0.0,0.07809140164494968,636049,0.0,0.003151760963472791,64500.0,48100.0,28.6,23.0,19.7,37.4,36.4,20.0,1.3076923076923075,146.5,141.3,156.2,170.8,167.9,185.604953998585,154.1,163.6,149.3,118.9,131.437933474876,185.8,67.3,134.7,176.5,192.4,124.0,137.075725406936,2.9,0.29,0.07,0.21999999999999997,1.0,3.0,0.03571428571428559,0.0,2.1972245773362196,6,1,False,False,False,False,False,False,False,True,False,False,False
Alberta,2022,3.0,0.9,3.1,8.6,1.5,8305388,0,0,668205,0.0,0.0,0.08045439899978182,668205,0.0,0.0023629973548321415,61700.0,47200.0,27.0,25.700000000000003,19.5,37.099999999999994,35.9,18.4,1.3740740740740738,146.3,139.8,159.1,174.3,166.1,189.030829756795,162.9,168.1,159.9,117.9,134.17660944206,190.6,64.2,136.0,186.2,238.2,122.3,139.184048640916,2.75,0.3,0.08,0.21999999999999997,1.0,4.0,0.034482758620689724,0.1428571428571428,2.151762203259462,7,1,False,False,False,False,False,False,False,False,True,False,False
Alberta,2023,2.9,0.9,3.0,8.2,1.4,8644796,0,0,705070,0.0,0.0,0.08156005069408231,705070,0.0,0.0011056516943004913,62600.0,47200.0,27.8,24.200000000000003,20.099999999999998,37.2,36.2,19.0,1.3381294964028778,152.9,145.3,169.9,182.6,173.8,203.225189263593,180.0,180.3,179.1,122.4,143.122918100482,209.0,62.4,139.9,194.3,207.7,125.7,146.98162422574,2.65,0.29,0.08,0.20999999999999996,1.0,5.0,-0.033333333333333326,0.0,2.1041341542702074,8,1,False,False,False,False,False,False,False,False,False,True,False
Alberta,2024,2.7,0.9,2.9,7.8,1.3,9075734,0,0,742451,0.0,0.0,0.08180616576025697,742451,0.0,0.0002461150661746542,,,,,,,,,,159.0,150.8,177.3,191.1,178.1,209.397413793103,187.4,189.3,185.7,128.7,151.316379310345,225.3,61.5,154.7,213.8,247.5,131.0,154.020557029178,2.41,,,,,,,,2.0541237336955462,9,1,False,False,False,False,False,False,False,False,False,False,True
British_Columbia,2014,3.5,0.5,2.3,8.4,2.1,8890946,0,0,780496,0.0,0.0,0.08778548424430876,780496,0.0,0.0019744142637392187,51300.0,38900.0,33.3,27.1,18.8,28.6,42.5,12.9,0.8588588588588589,119.0,118.0,121.8,133.1,130.8,135.012203389831,127.2,127.9,126.5,113.6,117.258305084746,108.8,95.6,114.2,113.5,139.6,102.2,105.491186440678,1.475,,,,,,,,2.128231705849268,-1,0,True,False,False,False,False,False,False,False,False,False,False
British_Columbia,2015,3.6,0.5,2.3,8.7,2.2,8983208,0,0,812892,0.0,0.0,0.09049016787766687,812892,0.0,0.0027046836333581015,50800.0,37900.0,32.900000000000006,26.6,18.8,28.8,42.50000000000001,14.4,0.8753799392097263,116.3,113.9,123.2,137.0,122.3,132.285864793679,132.2,131.2,132.3,115.0,124.389815627744,108.0,95.6,115.5,114.0,146.2,98.4,106.434416154522,1.46,0.26,0.06,0.2,0.0,0.0,,,2.163323025660538,0,0,False,True,False,False,False,False,False,False,False,False,False
British_Columbia,2016,3.6,0.6,2.4,8.9,2.2,9166196,0,0,845515,0.0,0.0,0.09224273624522103,845515,0.0,0.0017525683675541637,51200.0,38400.0,32.3,27.799999999999997,18.6,28.1,41.699999999999996,14.2,0.8699690402476782,119.1,117.8,123.3,140.1,128.0,133.97623089983,139.5,134.2,141.7,119.1,124.660696095076,108.6,95.6,116.4,114.4,143.5,100.1,104.773599320883,1.56,0.26,0.06,0.2,0.0,0.0,0.0,0.0,2.186051276738094,1,0,False,False,True,False,False,False,False,False,False,False,False
British_Columbia,2017,3.5,0.6,2.4,8.8,2.3,9315406,0,0,877408,0.0,0.0,0.09418891672569076,877408,0.0,0.0019461804804697252,51100.0,37800.0,32.4,27.0,18.9,30.2,42.4,12.8,0.9320987654320988,121.0,120.4,124.0,143.2,131.6,135.53488372093,136.1,137.7,135.0,123.1,126.78073089701,111.4,95.6,117.8,117.1,149.1,100.7,103.71096345515,1.66,0.26,0.06,0.2,0.0,0.0,0.0,0.0,2.174751721484161,2,0,False,False,False,True,False,False,False,False,False,False,False
British_Columbia,2018,3.5,0.7,2.4,8.9,2.3,9493101,0,0,910405,0.0,0.0,0.09590175012358976,910405,0.0,0.0017128333978990024,52800.0,39000.0,31.3,27.6,19.4,29.4,41.7,14.0,0.939297124600639,124.7,124.7,126.5,147.7,136.6,138.571772253408,139.2,141.9,137.5,124.8,126.601443464314,116.2,95.6,119.4,120.9,150.5,105.7,107.225741780273,2.18333333333333,0.26,0.06,0.2,1.0,0.0,0.0,0.0,2.186051276738094,3,0,False,False,False,False,True,False,False,False,False,False,False
British_Columbia,2019,3.4,0.8,2.4,8.8,2.2,9668185,0,0,945713,0.0,0.0,0.09781701529294277,945713,0.0,0.001915265169353017,52700.0,40200.0,30.9,27.0,20.6,29.9,40.3,13.4,0.9676375404530745,127.8,127.6,130.9,157.2,141.6,145.262068965517,143.4,146.2,141.5,126.7,129.976724137931,119.6,100.0,123.3,124.7,157.3,107.3,110.075,2.70666666666667,0.29,0.07,0.21999999999999997,1.0,1.0,0.1153846153846152,0.16666666666666674,2.174751721484161,4,0,False,False,False,False,False,True,False,False,False,False,False
British_Columbia,2020,3.2,0.9,2.4,8.8,2.3,9779842,0,0,982576,0.0,0.0,0.10046951678769453,982576,0.0,0.002652501494751755,54200.0,41700.0,32.4,24.2,19.6,32.3,40.5,15.1,0.9969135802469136,130.0,129.4,133.7,160.0,145.5,150.335007727975,149.5,151.3,148.3,127.4,131.633539412674,119.9,95.6,128.1,126.4,160.8,108.2,111.795517774343,3.23,0.29,0.08,0.20999999999999996,1.0,2.0,0.0,0.1428571428571428,2.174751721484161,5,1,False,False,False,False,False,False,True,False,False,False,False
British_Columbia,2021,3.1,1.1,2.5,9.0,2.3,9863757,0,0,1018096,0.0,0.0,0.10321584361820754,1018096,0.0,0.002746326830513013,57600.0,44500.0,28.200000000000003,26.3,20.4,33.9,37.400000000000006,16.5,1.2021276595744679,130.0,129.8,133.1,159.0,143.9,147.558474576271,150.7,154.1,148.5,129.3,132.587288135593,123.6,86.7,127.0,129.3,168.4,109.0,111.771186440678,3.03,0.3,0.09,0.21,1.0,3.0,0.034482758620689724,0.125,2.1972245773362196,6,1,False,False,False,False,False,False,False,True,False,False,False
British_Columbia,2022,3.0,1.2,2.5,8.9,2.2,10127313,0,0,1054174,0.0,0.0,0.10409217133903138,1054174,0.0,0.0008763277208238412,58300.0,45300.0,27.2,27.0,21.6,33.4,36.6,15.1,1.2279411764705883,133.8,134.5,136.3,165.2,154.0,156.060966542751,158.3,158.8,157.2,130.6,132.34780669145,132.3,83.1,132.3,137.6,182.2,111.6,113.093531598513,2.95,0.31,0.08,0.22999999999999998,1.0,4.0,0.03333333333333344,-0.11111111111111105,2.186051276738094,7,1,False,False,False,False,False,False,False,False,True,False,False
British_Columbia,2023,2.9,1.1,2.5,8.5,2.0,10448987,0,0,1090768,0.0,0.0,0.10438983223924003,1090768,0.0,0.0002976609002086489,60000.0,46700.0,26.700000000000003,26.5,21.7,33.400000000000006,35.300000000000004,16.8,1.2509363295880152,144.1,144.6,147.4,178.0,165.9,169.11244813278,174.4,168.4,175.9,135.7,138.327662517289,141.5,83.6,140.8,146.8,190.4,122.4,124.770124481328,2.63,0.31,0.07,0.24,1.0,5.0,0.0,-0.12499999999999989,2.1400661634962708,8,1,False,False,False,False,False,False,False,False,False,True,False
British_Columbia,2024,2.6,1.0,2.3,7.8,1.8,10772105,0,0,1129229,0.0,0.0,0.10482900045998438,1129229,0.0,0.00043916822074434314,,,,,,,,,,148.6,147.1,157.9,183.1,172.6,185.27219578518,182.1,180.3,181.7,137.5,147.595173351462,151.2,76.3,153.7,156.8,186.2,122.4,131.386539768865,2.44,,,,,,,,2.0541237336955462,9,1,False,False,False,False,False,False,False,False,False,False,True
Canada,2014,3.8,0.3,2.0,8.0,2.0,66230968,0,0,5541888,0.0,0.0,0.08367517744871251,5541888,0.0,0.0020348421780294057,54600.0,41300.0,30.7,27.200000000000003,19.4,30.5,40.0,14.9,0.993485342019544,119.1,113.2,132.4,140.9,115.9,136.8,133.0,133.8,132.6,114.7,134.1,132.1,100.0,116.3,130.5,148.4,106.4,120.4,1.655,,,,,,,,2.0794415416798357,-1,0,True,False,False,False,False,False,False,False,False,False,False
Canada,2015,3.7,0.3,2.0,8.0,2.0,66699487,0,0,5721707,0.0,0.0,0.08578337341635027,5721707,0.0,0.002108195967637755,54800.0,41300.0,29.900000000000002,27.6,19.7,30.9,39.900000000000006,14.8,1.0334448160535117,121.7,116.1,134.3,149.9,121.5,139.8,139.1,137.5,139.7,115.9,134.2,134.2,100.0,117.9,133.1,154.2,106.6,122.3,1.67,0.22,0.05,0.16999999999999998,0.0,0.0,,,2.0794415416798357,0,0,False,True,False,False,False,False,False,False,False,False,False
Canada,2016,3.7,0.3,2.1,8.1,2.1,67430732,0,0,5919685,0.0,0.0,0.08778912558742503,5919685,0.0,0.002005752171074765,54300.0,40900.0,29.799999999999997,27.9,19.799999999999997,30.4,39.699999999999996,14.7,1.0201342281879195,123.9,118.2,136.6,154.5,124.8,142.1,144.6,141.0,146.1,116.9,136.9,136.7,100.0,118.9,134.6,152.4,107.9,124.2,1.705,0.22,0.05,0.16999999999999998,0.0,0.0,0.0,0.0,2.0918640616783932,1,0,False,False,True,False,False,False,False,False,False,False,False
Canada,2017,3.6,0.3,2.1,8.2,2.1,68274110,0,0,6125483,0.0,0.0,0.08971897253585583,6125483,0.0,0.0019298469484307912,55000.0,41100.0,30.2,27.2,19.5,31.3,39.9,14.7,1.0364238410596027,125.5,119.7,138.4,158.7,127.6,143.4,141.5,144.3,140.3,118.6,139.2,140.2,100.0,119.6,137.8,159.0,107.9,126.3,1.74,0.22,0.05,0.16999999999999998,0.0,0.0,0.0,0.0,2.1041341542702074,2,0,False,False,False,True,False,False,False,False,False,False,False
Canada,2018,3.6,0.3,2.1,8.2,2.1,69297030,0,0,6337440,0.0,0.0,0.09145327007521102,6337440,0.0,0.0017342975393551952,55200.0,41900.0,29.4,27.599999999999998,20.0,31.2,39.0,14.8,1.0612244897959184,127.3,121.4,140.3,163.2,130.3,145.6,144.7,149.6,142.6,120.2,141.3,143.7,100.0,120.6,139.7,155.8,108.5,127.3,2.11,0.22,0.05,0.16999999999999998,1.0,0.0,0.0,0.0,2.1041341542702074,3,0,False,False,False,False,True,False,False,False,False,False,False
Canada,2019,3.5,0.4,2.1,8.0,2.0,70320368,0,0,6573259,0.0,0.0,0.0934758902285608,6573259,0.0,0.00202262015334978,54600.0,42600.0,29.200000000000003,27.4,20.5,31.400000000000002,38.6,14.5,1.0753424657534247,130.3,124.0,145.0,170.6,132.9,150.8,148.7,154.9,146.1,122.0,147.8,147.6,100.0,123.3,143.0,157.7,111.3,128.7,2.48,0.25,0.06,0.19,1.0,1.0,0.13636363636363646,0.19999999999999996,2.0794415416798357,4,0,False,False,False,False,False,True,False,False,False,False,False
Canada,2020,3.4,0.4,2.2,8.1,2.1,71051432,0,0,6809521,0.0,0.0,0.09583932101467005,6809521,0.0,0.002363430786109247,54500.0,41400.0,32.1,24.799999999999997,19.2,32.599999999999994,40.900000000000006,15.2,1.0155763239875386,131.9,125.0,147.8,171.4,133.8,154.9,153.5,158.2,151.6,123.2,150.0,150.9,89.6,126.2,146.4,161.8,112.3,129.4,2.85,0.27,0.07,0.2,1.0,2.0,0.08000000000000007,0.16666666666666674,2.0918640616783932,5,1,False,False,False,False,False,False,True,False,False,False,False
Canada,2021,3.3,0.6,2.2,8.3,2.1,71401917,0,0,7045990,0.0,0.0,0.09868068388135853,7045990,0.0,0.002841362866688485,57200.0,43800.0,29.9,25.2,20.3,33.2,38.5,16.0,1.1103678929765888,132.6,126.1,147.7,172.5,134.5,153.6,155.0,162.6,151.7,125.1,150.8,154.2,82.9,127.3,148.4,159.8,113.3,130.8,2.83,0.25,0.07,0.18,1.0,3.0,-0.07407407407407418,0.0,2.1162555148025524,6,1,False,False,False,False,False,False,False,True,False,False,False
Canada,2022,3.2,0.7,2.2,8.1,2.0,72844763,0,0,7298944,0.0,0.0,0.10019861002224689,7298944,0.0,0.0015179261408883593,57200.0,44200.0,28.799999999999997,26.400000000000002,21.0,32.599999999999994,37.9,15.2,1.1319444444444444,136.1,129.7,151.3,178.2,140.8,159.3,163.9,169.2,161.5,126.4,153.3,163.6,76.3,131.4,157.6,179.0,115.5,131.1,2.94,0.27,0.07,0.2,1.0,4.0,0.08000000000000007,0.0,2.0918640616783932,7,1,False,False,False,False,False,False,False,False,True,False,False
Canada,2023,3.1,0.7,2.2,7.8,1.9,75050686,0,0,7562124,0.0,0.0,0.10076022489654525,7562124,0.0,0.0005616148742983579,57500.0,44700.0,28.299999999999997,26.5,21.1,32.8,37.199999999999996,15.5,1.1590106007067138,143.3,136.9,158.4,186.5,149.1,167.5,181.0,183.0,179.9,131.6,160.2,174.4,73.7,139.0,168.0,193.4,122.6,136.1,2.69,0.26,0.06,0.2,1.0,5.0,-0.03703703703703709,-0.14285714285714302,2.0541237336955462,8,1,False,False,False,False,False,False,False,False,False,True,False
Canada,2024,2.9,0.7,2.0,7.3,1.8,77482793,0,0,7835726,0.0,0.0,0.10112859509336479,7835726,0.0,0.00036837019681953964,,,,,,,,,,148.5,140.9,166.8,194.3,153.2,178.0,188.1,192.4,186.0,135.8,168.6,186.1,71.9,149.8,178.4,194.5,126.4,139.7,2.58,,,,,,,,1.9878743481543455,9,1,False,False,False,False,False,False,False,False,False,False,True
Manitoba,2014,3.6,0.2,2.6,7.7,1.3,2353017,0,0,187156,0.0,0.0,0.07953873686420455,187156,0.0,0.0010532888956305136,,,,,,,,,,138.7,138.9,137.9,162.4,162.8,161.627933765299,134.0,138.4,131.6,121.0,120.128869690425,140.2,92.5,123.6,133.8,124.0,118.8,117.944708423326,1.495,,,,,,,,2.0412203288596382,-1,0,True,False,False,False,False,False,False,False,False,False,False
Manitoba,2015,3.6,0.2,2.6,7.7,1.4,2382003,0,0,191466,0.0,0.0,0.08038025141026271,191466,0.0,0.0008415145460581586,,,,,,,,,,141.2,141.8,139.6,169.4,167.4,164.802820874471,139.9,143.6,137.9,122.2,120.304090267983,142.4,92.5,125.8,136.9,130.9,120.9,119.024259520451,1.67,0.22,0.05,0.16999999999999998,0.0,0.0,,,2.0412203288596382,0,0,False,True,False,False,False,False,False,False,False,False,False
Manitoba,2016,3.6,0.3,2.6,7.8,1.4,2418694,0,0,196504,0.0,0.0,0.08124384481873276,196504,0.0,0.0008635934084700453,,,,,,,,,,144.3,144.8,142.7,174.8,174.0,171.476519337017,144.0,147.7,141.9,122.1,120.329212707182,146.2,92.5,127.5,139.4,130.3,121.4,119.639364640884,1.56,0.22,0.05,0.16999999999999998,0.0,0.0,0.0,0.0,2.0541237336955462,1,0,False,False,True,False,False,False,False,False,False,False,False
Manitoba,2017,3.5,0.3,2.6,7.8,1.4,2459288,0,0,202106,0.0,0.0,0.08218069620150223,202106,0.0,0.0009368513827694713,,,,,,,,,,146.4,146.6,146.4,177.8,178.5,178.256480218281,138.8,150.0,133.7,122.5,122.332878581173,149.5,92.5,128.5,142.8,137.5,122.2,122.033287858117,1.45,0.22,0.05,0.16999999999999998,0.0,0.0,0.0,0.0,2.0541237336955462,2,0,False,False,False,True,False,False,False,False,False,False,False
Manitoba,2018,3.4,0.3,2.6,7.7,1.4,2495547,0,0,208090,0.0,0.0,0.08338452451506624,208090,0.0,0.001203828313564012,,,,,,,,,,149.4,148.9,151.0,182.9,183.6,186.189388851578,143.3,151.5,139.4,123.3,125.038952316991,154.5,92.5,129.8,146.8,140.8,122.2,123.923438549362,1.96666666666667,0.22,0.05,0.16999999999999998,1.0,0.0,0.0,0.0,2.0412203288596382,3,0,False,False,False,False,True,False,False,False,False,False,False
Manitoba,2019,3.3,0.4,2.5,7.5,1.3,2528614,0,0,215278,0.0,0.0,0.0851367587144578,215278,0.0,0.001752234199391564,,,,,,,,,,151.7,151.5,153.4,188.3,189.2,191.572805280528,147.0,155.0,143.3,123.7,125.251353135314,160.0,100.0,132.9,151.5,144.0,123.8,125.352607260726,2.48333333333333,0.21,0.05,0.15999999999999998,1.0,1.0,-0.045454545454545525,0.0,2.0149030205422647,4,0,False,False,False,False,False,True,False,False,False,False,False
Manitoba,2020,3.1,0.4,2.6,7.5,1.4,2545543,0,0,222516,0.0,0.0,0.08741396236480782,222516,0.0,0.0022772036503500154,,,,,,,,,,151.9,152.1,152.8,189.6,191.3,192.180407626562,150.5,156.8,147.5,123.3,123.867455621302,165.0,92.5,136.8,155.3,144.3,124.1,124.671137409599,3.0,0.28,0.08,0.2,1.0,2.0,0.3333333333333335,0.5999999999999999,2.0149030205422647,5,1,False,False,False,False,False,False,True,False,False,False,False
Manitoba,2021,3.2,0.6,2.8,8.0,1.4,2568896,0,0,229374,0.0,0.0,0.08928893968459603,229374,0.0,0.0018749773197882097,,,,,,,,,,151.9,151.1,154.4,188.2,191.6,195.784513567174,151.3,160.7,146.9,122.7,125.37974851092,165.5,81.2,137.9,158.0,156.0,121.2,123.846988749173,3.05,0.25,0.06,0.19,1.0,3.0,-0.1071428571428572,-0.25,2.0794415416798357,6,1,False,False,False,False,False,False,False,True,False,False,False
Manitoba,2022,2.9,0.8,2.7,7.7,1.3,2612930,0,0,236133,0.0,0.0,0.09037096286544224,236133,0.0,0.0010820231808462144,,,,,,,,,,156.5,156.3,158.6,198.5,202.9,205.885732565579,159.0,165.6,155.7,123.9,125.723224568138,180.9,76.8,142.1,170.0,169.1,123.9,125.723224568138,2.9,0.32,0.08,0.24,1.0,4.0,0.28,0.3333333333333335,2.0412203288596382,7,1,False,False,False,False,False,False,False,False,True,False,False
Manitoba,2023,2.7,0.9,2.7,7.5,1.2,2688563,0,0,243724,0.0,0.0,0.0906521439147976,243724,0.0,0.0002811810493553585,,,,,,,,,,163.6,163.1,166.9,200.8,211.0,215.916002452483,177.4,180.0,175.6,124.9,127.809993868792,196.1,56.2,150.7,182.3,176.7,137.5,140.703556100552,2.84,0.26,0.07,0.19,1.0,5.0,-0.1875,-0.12499999999999989,2.0149030205422647,8,1,False,False,False,False,False,False,False,False,False,True,False
Manitoba,2024,2.6,0.9,2.5,7.1,1.1,2763163,0,0,251817,0.0,0.0,0.09113360304839056,251817,0.0,0.00048145913359295966,,,,,,,,,,165.8,163.4,176.8,207.2,205.6,222.460709914321,184.1,191.0,180.3,128.1,138.605140758874,207.3,59.9,157.6,189.2,171.5,140.2,151.697429620563,3.03,,,,,,,,1.9600947840472698,9,1,False,False,False,False,False,False,False,False,False,False,True
New_Brunswick,2014,3.4,0.2,1.7,6.5,1.2,1426708,0,0,138915,0.0,0.0,0.09736750617505474,138915,0.0,0.003824712294245608,45900.0,36400.0,30.9,32.4,18.4,26.9,43.3,9.4,0.8705501618122977,132.3,133.7,128.0,160.7,143.5,137.38219895288,138.7,136.5,139.7,121.5,116.320119670905,120.9,85.9,112.5,129.1,157.6,116.6,111.629020194465,1.19,,,,,,,,1.8718021769015913,-1,0,True,False,False,False,False,False,False,False,False,False,False
New_Brunswick,2015,3.4,0.2,1.7,6.6,1.2,1427341,0,0,143781,0.0,0.0,0.10073346173058856,143781,0.0,0.003365955555533817,45800.0,36700.0,30.200000000000003,33.3,19.8,23.6,42.5,9.3,0.7814569536423841,133.7,135.1,129.4,167.0,145.5,139.361213915618,144.5,140.1,146.4,122.4,117.235825314582,121.9,85.9,113.1,129.0,154.6,117.4,112.446780162842,1.06,0.17,0.04,0.13,0.0,0.0,,,1.8870696490323797,0,0,False,True,False,False,False,False,False,False,False,False,False
New_Brunswick,2016,3.5,0.3,1.7,6.8,1.3,1434307,0,0,149103,0.0,0.0,0.10395473214590739,149103,0.0,0.003221270415318833,45100.0,35800.0,32.7,30.900000000000002,19.9,24.0,44.1,9.0,0.7339449541284403,133.0,135.0,126.7,168.9,145.5,136.554444444444,152.6,142.7,156.5,122.5,114.968518518519,124.5,85.9,114.0,130.6,154.0,116.9,109.712814814815,1.14,0.17,0.04,0.13,0.0,0.0,0.0,0.0,1.916922612182061,1,0,False,False,True,False,False,False,False,False,False,False,False
New_Brunswick,2017,3.6,0.3,1.8,7.0,1.3,1441118,0,0,154387,0.0,0.0,0.10713001988733747,154387,0.0,0.003175287741430083,46400.0,36600.0,30.900000000000002,33.099999999999994,18.9,25.2,42.5,9.2,0.8155339805825242,136.8,138.7,130.8,185.6,149.3,140.796250901226,148.3,148.0,148.7,125.7,118.540447007931,127.0,85.9,114.9,134.4,163.1,120.3,113.448017303533,1.22,0.17,0.04,0.13,0.0,0.0,0.0,0.0,1.9459101490553132,2,0,False,False,False,True,False,False,False,False,False,False,False
New_Brunswick,2018,3.4,0.4,1.8,6.9,1.3,1448855,0,0,159916,0.0,0.0,0.11037405399436107,159916,0.0,0.003244034107023591,48600.0,37400.0,30.500000000000004,32.2,20.1,24.7,41.7,9.7,0.8098360655737704,139.1,140.9,133.3,200.7,151.3,143.139034776437,149.7,152.7,148.9,125.0,118.257629524485,128.3,85.9,115.7,136.4,167.8,126.4,119.58211497516,1.74333333333333,0.17,0.04,0.13,1.0,0.0,0.0,0.0,1.9315214116032138,3,0,False,False,False,False,True,False,False,False,False,False,False
New_Brunswick,2019,3.4,0.4,1.8,6.8,1.3,1462087,0,0,165909,0.0,0.0,0.11347409559075486,165909,0.0,0.0031000415963937933,47800.0,38400.0,30.0,31.7,21.3,23.9,40.5,10.1,0.7966666666666666,141.3,142.4,137.3,205.6,152.3,146.845435393258,154.1,155.1,153.9,127.1,122.547963483146,130.9,100.0,118.8,138.6,168.6,127.6,123.030056179775,2.26666666666667,0.3,0.06,0.24,1.0,1.0,0.7647058823529409,0.5,1.916922612182061,4,0,False,False,False,False,False,True,False,False,False,False,False
New_Brunswick,2020,3.3,0.5,1.8,6.9,1.3,1473787,0,0,172296,0.0,0.0,0.11690698859468837,172296,0.0,0.0034328930039335126,48300.0,37900.0,32.3,30.1,19.8,25.9,41.9,10.2,0.8018575851393189,143.3,143.4,141.6,205.7,154.9,152.955648535565,159.3,158.2,159.9,126.7,125.109623430962,134.7,85.9,119.7,142.9,176.6,127.2,125.603347280335,2.79,0.28,0.07,0.21000000000000002,1.0,2.0,-0.06666666666666654,0.16666666666666674,1.9315214116032138,5,1,False,False,False,False,False,False,True,False,False,False,False
New_Brunswick,2021,3.6,0.7,2.0,7.7,1.4,1488499,0,0,178652,0.0,0.0,0.1200215787850714,178652,0.0,0.003114590190383029,48200.0,38800.0,30.4,31.0,19.799999999999997,27.799999999999997,40.3,9.9,0.9144736842105262,143.9,143.3,143.4,206.8,155.8,155.908722958828,162.0,162.7,162.0,126.6,126.688346127006,135.3,78.3,122.3,142.8,172.4,125.4,125.487508722959,2.73,0.27,0.11,0.16000000000000003,1.0,3.0,-0.0357142857142857,0.5714285714285714,2.0412203288596382,6,1,False,False,False,False,False,False,False,True,False,False,False
New_Brunswick,2022,3.4,0.8,2.0,7.6,1.4,1522496,0,0,185107,0.0,0.0,0.12158127180629703,185107,0.0,0.0015596930212256332,47500.0,39000.0,30.6,30.200000000000003,22.4,24.1,41.1,9.3,0.7875816993464052,145.1,145.1,141.5,211.1,157.8,153.884906960717,171.9,168.9,173.1,127.0,123.849069607167,141.9,63.2,129.6,150.9,185.5,128.3,125.116815988973,2.69,0.29,0.08,0.20999999999999996,1.0,4.0,0.07407407407407396,-0.2727272727272727,2.028148247292285,7,1,False,False,False,False,False,False,False,False,True,False,False
New_Brunswick,2023,3.2,0.8,1.9,7.2,1.3,1563243,0,0,191378,0.0,0.0,0.12242370507976047,191378,0.0,0.000842433273463436,49100.0,40700.0,27.0,33.4,21.4,26.299999999999997,37.9,9.9,0.974074074074074,151.8,151.5,150.9,217.3,162.3,161.657227722772,189.7,181.9,192.6,131.6,131.078811881188,151.3,54.5,140.6,162.1,200.1,139.2,138.648712871287,3.22,0.3,0.06,0.24,1.0,5.0,0.034482758620689724,-0.25,1.9740810260220096,8,1,False,False,False,False,False,False,False,False,False,True,False
New_Brunswick,2024,3.0,0.8,1.9,6.9,1.3,1615208,0,0,197263,0.0,0.0,0.12212854319691334,197263,0.0,-0.00029516188284713085,,,,,,,,,,158.8,157.8,161.0,226.9,170.8,174.263624841572,199.5,195.5,201.0,135.6,138.349809885932,158.5,50.9,152.3,168.0,193.6,144.1,147.022179974651,3.03,,,,,,,,1.9315214116032138,9,1,False,False,False,False,False,False,False,False,False,False,True
Nova_Scotia,2014,3.8,0.2,2.3,7.7,1.5,1769257,0,0,172318,0.0,0.0,0.0973956864378663,172318,0.0,0.003403443840275619,48400.0,37400.0,31.7,30.400000000000002,18.6,27.299999999999997,41.0,11.1,0.861198738170347,130.8,130.3,132.6,169.8,138.8,141.250038372985,139.5,138.4,139.9,123.7,125.88349961627,132.8,96.4,112.5,140.6,185.6,118.1,120.184650805833,1.365,,,,,,,,2.0412203288596382,-1,0,True,False,False,False,False,False,False,False,False,False,False
Nova_Scotia,2015,3.7,0.3,2.3,7.7,1.5,1768807,0,0,177402,0.0,0.0,0.10029471841755488,177402,0.0,0.0028990319796885905,48600.0,37100.0,31.9,30.0,19.5,26.1,42.5,11.3,0.8181818181818182,130.9,130.3,133.6,179.2,139.6,143.135533384497,145.4,143.7,146.1,121.0,124.064466615503,133.4,96.4,113.4,138.9,173.7,120.3,123.346738296239,1.34,0.28,0.07,0.21000000000000002,0.0,0.0,,,2.0412203288596382,0,0,False,True,False,False,False,False,False,False,False,False,False
Nova_Scotia,2016,3.7,0.3,2.3,7.8,1.5,1778672,0,0,183174,0.0,0.0,0.10298357426214615,183174,0.0,0.002688855844591262,49200.0,37000.0,31.7,30.7,18.6,26.6,43.4,11.3,0.8391167192429023,132.6,131.2,138.2,182.6,141.9,149.470884146342,152.2,148.7,153.5,121.1,127.56112804878,136.5,96.4,114.6,139.0,163.4,119.3,125.665091463415,1.44,0.28,0.07,0.21000000000000002,0.0,0.0,0.0,0.0,2.0541237336955462,1,0,False,False,True,False,False,False,False,False,False,False,False
Nova_Scotia,2017,3.6,0.4,2.3,7.7,1.5,1797136,0,0,189342,0.0,0.0,0.10535763570481033,189342,0.0,0.00237406144266418,47300.0,36900.0,32.4,30.6,18.6,25.4,43.0,11.4,0.7839506172839507,135.1,133.3,142.5,190.3,146.2,156.290322580645,147.9,152.7,146.4,120.8,129.13728432108,137.6,96.4,115.3,141.3,171.1,120.5,128.816579144786,1.54,0.28,0.07,0.21000000000000002,0.0,0.0,0.0,0.0,2.0412203288596382,2,0,False,False,False,True,False,False,False,False,False,False,False
Nova_Scotia,2018,3.5,0.4,2.3,7.8,1.5,1817394,0,0,195652,0.0,0.0,0.10765524701853313,195652,0.0,0.0022976113137228027,48900.0,38000.0,30.9,30.799999999999997,18.5,27.799999999999997,41.5,11.6,0.8996763754045307,136.5,134.3,146.2,195.2,149.4,162.637974683544,148.4,156.0,146.0,119.8,130.415189873418,139.2,96.4,116.3,144.2,179.4,120.5,131.177215189873,2.10333333333333,0.28,0.07,0.21000000000000002,1.0,0.0,0.0,0.0,2.0541237336955462,3,0,False,False,False,False,True,False,False,False,False,False,False
Nova_Scotia,2019,3.5,0.4,2.3,7.7,1.5,1843861,0,0,202688,0.0,0.0,0.1099258566670698,202688,0.0,0.0022706096485366756,47900.0,38000.0,30.699999999999996,31.799999999999997,18.5,27.7,41.39999999999999,10.5,0.9022801302931597,139.3,136.5,152.7,199.4,152.5,170.598901098901,152.1,157.9,150.4,121.7,136.143516483517,143.3,100.0,116.8,147.4,183.8,121.4,135.807912087912,2.66666666666667,0.31,0.08,0.22999999999999998,1.0,1.0,0.10714285714285698,0.1428571428571428,2.0412203288596382,4,0,False,False,False,False,False,True,False,False,False,False,False
Nova_Scotia,2020,3.4,0.5,2.3,7.8,1.5,1869239,0,0,210159,0.0,0.0,0.11243024567751904,210159,0.0,0.0025043890104492345,47800.0,37900.0,32.2,27.900000000000002,20.7,27.8,43.0,10.8,0.8633540372670807,141.2,138.3,154.8,204.0,153.8,172.149240780911,156.3,161.8,154.6,123.3,138.010412147505,147.7,96.4,122.6,152.4,188.0,124.1,138.905856832972,3.23,0.3,0.09,0.21,1.0,2.0,-0.032258064516129115,0.125,2.0541237336955462,5,1,False,False,False,False,False,False,True,False,False,False,False
Nova_Scotia,2021,3.3,0.8,2.5,8.2,1.5,1888709,0,0,217785,0.0,0.0,0.11530892265563408,217785,0.0,0.002878676978115044,49600.0,38500.0,32.1,28.799999999999997,18.7,28.9,41.3,11.9,0.9003115264797507,143.0,140.7,154.7,205.8,158.0,173.721393034826,158.2,164.6,156.2,124.5,136.888059701493,151.9,85.1,122.4,152.9,179.7,125.1,137.54776119403,3.05,0.31,0.08,0.22999999999999998,1.0,3.0,0.03333333333333344,-0.11111111111111105,2.1041341542702074,6,1,False,False,False,False,False,False,False,True,False,False,False
Nova_Scotia,2022,3.2,0.9,2.4,8.1,1.5,1934166,0,0,225308,0.0,0.0,0.11648845031915564,225308,0.0,0.0011795276635215568,50000.0,39400.0,29.7,30.599999999999998,21.1,26.7,40.1,10.7,0.898989898989899,144.8,142.0,163.7,213.4,159.5,183.874295774648,167.8,169.3,167.4,125.6,144.793802816901,156.8,84.8,130.2,162.0,202.7,126.4,145.716056338028,3.02,0.34,0.12,0.22000000000000003,1.0,4.0,0.09677419354838723,0.5,2.0918640616783932,7,1,False,False,False,False,False,False,False,False,True,False,False
Nova_Scotia,2023,3.1,0.9,2.3,7.8,1.4,1988688,0,0,232630,0.0,0.0,0.1169766197613703,232630,0.0,0.0004881694422146643,49600.0,40200.0,29.2,30.3,20.6,29.1,39.2,10.8,0.9965753424657535,157.8,154.8,172.4,226.4,172.4,192.001033591731,184.7,182.3,185.7,138.4,154.135400516796,167.1,84.8,135.9,175.2,234.3,138.4,154.135400516796,3.28,0.34,0.07,0.27,1.0,5.0,0.0,-0.41666666666666663,2.0541237336955462,8,1,False,False,False,False,False,False,False,False,False,True,False
Nova_Scotia,2024,2.8,0.8,2.2,7.2,1.3,2046640,0,0,239758,0.0,0.0,0.11714712895282023,239758,0.0,0.0001705091914499246,,,,,,,,,,161.0,158.3,173.7,232.3,177.9,195.206759317751,194.4,193.1,194.8,142.3,156.143461781428,175.5,84.8,152.0,186.4,242.8,138.0,151.425142135186,2.9,,,,,,,,1.9740810260220096,9,1,False,False,False,False,False,False,False,False,False,False,True
Ontario,2014,3.4,0.2,1.9,7.3,1.8,25463532,0,0,2120562,0.0,0.0,0.08327839201568737,2120562,0.0,0.002145920533894022,55500.0,41600.0,31.2,25.9,19.400000000000002,31.1,40.5,15.9,0.9967948717948719,115.3,108.8,131.8,140.8,105.8,128.165808823529,133.7,132.4,134.3,116.4,141.006617647059,130.9,87.0,114.2,128.8,152.1,105.2,127.438970588235,1.42,,,,,,,,1.9878743481543455,-1,0,True,False,False,False,False,False,False,False,False,False,False
Ontario,2015,3.2,0.2,1.9,7.3,1.9,25634687,0,0,2187820,0.0,0.0,0.08534607814794072,2187820,0.0,0.0020676861322533463,56400.0,41800.0,29.9,26.5,19.4,32.4,40.0,16.0,1.0836120401337792,119.4,113.8,132.9,152.9,116.0,135.469244288225,140.2,135.0,142.4,118.3,138.155272407733,134.5,87.0,115.6,133.4,165.7,105.2,122.856590509666,1.48,0.24,0.06,0.18,0.0,0.0,,,1.9878743481543455,0,0,False,True,False,False,False,False,False,False,False,False,False
Ontario,2016,3.3,0.3,2.0,7.5,1.9,25953758,0,0,2260652,0.0,0.0,0.0871030700062781,2260652,0.0,0.0017569918583373728,56500.0,41600.0,30.1,26.4,19.6,32.0,39.900000000000006,16.0,1.0631229235880397,121.5,115.0,137.3,156.3,117.9,140.762347826087,145.7,139.1,148.5,118.5,141.478695652174,138.0,87.0,116.7,136.1,168.1,106.3,126.912956521739,1.485,0.24,0.06,0.18,0.0,0.0,0.0,0.0,2.0149030205422647,1,0,False,False,True,False,False,False,False,False,False,False,False
Ontario,2017,3.3,0.3,2.1,7.7,2.0,26367285,0,0,2338020,0.0,0.0,0.08867124544677239,2338020,0.0,0.0015681754404942988,57700.0,41900.0,31.0,25.6,19.2,32.2,40.0,16.2,1.038709677419355,123.2,117.2,137.8,162.3,121.5,142.855802047782,142.1,141.7,142.5,119.6,140.621843003413,142.8,87.0,117.9,140.2,173.4,107.4,126.27747440273,1.49,0.24,0.06,0.18,0.0,0.0,0.0,0.0,2.0412203288596382,2,0,False,False,False,True,False,False,False,False,False,False,False
Ontario,2018,3.3,0.3,2.1,7.7,1.9,26864953,0,0,2416265,0.0,0.0,0.08994115865380446,2416265,0.0,0.0012699132070320696,57000.0,42900.0,29.3,26.4,20.2,32.099999999999994,38.6,16.0,1.0955631399317405,125.5,119.7,140.0,167.9,124.7,145.847953216374,146.3,148.7,145.5,122.9,143.74269005848,147.1,87.0,119.2,141.7,161.6,108.4,126.783625730994,1.78,0.24,0.06,0.18,1.0,0.0,0.0,0.0,2.0412203288596382,3,0,False,False,False,False,True,False,False,False,False,False,False
Ontario,2019,3.3,0.4,2.1,7.5,1.8,27334325,0,0,2502351,0.0,0.0,0.09154610549190441,2502351,0.0,0.0016049468380999465,56000.0,43200.0,29.400000000000002,26.1,20.1,32.900000000000006,38.6,15.8,1.119047619047619,129.5,123.9,144.3,178.3,129.1,150.35617433414,151.6,155.4,150.1,125.2,145.814043583535,151.2,100.0,122.4,145.0,161.2,113.6,132.30411622276,2.07,0.25,0.06,0.19,1.0,1.0,0.04166666666666674,0.0,2.0149030205422647,4,0,False,False,False,False,False,True,False,False,False,False,False
Ontario,2020,3.2,0.4,2.1,7.6,1.9,27676692,0,0,2587513,0.0,0.0,0.09349068884388351,2587513,0.0,0.0019445833519790984,56100.0,41800.0,33.1,22.9,18.7,34.0,41.2,16.8,1.0271903323262839,132.1,125.9,147.8,176.7,132.5,155.54805401112,155.3,157.7,154.5,126.9,148.973947577442,155.5,85.0,125.7,149.0,165.8,114.2,134.064813343924,2.36,0.29,0.08,0.20999999999999996,1.0,2.0,0.15999999999999992,0.3333333333333335,2.028148247292285,5,1,False,False,False,False,False,False,True,False,False,False,False
Ontario,2021,3.1,0.6,2.2,7.8,1.9,27802434,0,0,2671337,0.0,0.0,0.09608284655940555,2671337,0.0,0.002592157715522042,59300.0,44400.0,30.6,24.0,19.799999999999997,34.099999999999994,39.1,17.3,1.11437908496732,132.1,127.2,146.0,177.2,133.3,153.001572327044,157.1,162.2,155.1,129.2,148.295597484277,159.8,79.9,126.8,151.1,158.4,115.1,132.111635220126,2.37,0.27,0.07,0.2,1.0,3.0,-0.06896551724137923,-0.12499999999999989,2.0541237336955462,6,1,False,False,False,False,False,False,False,True,False,False,False
Ontario,2022,2.9,0.7,2.2,7.6,1.8,28464077,0,0,2763435,0.0,0.0,0.0970850029670732,2763435,0.0,0.0010021564076676537,59300.0,44300.0,29.400000000000002,25.2,20.299999999999997,33.7,38.2,16.5,1.1462585034013606,134.4,129.9,146.4,179.5,139.3,156.993995381062,166.7,169.5,165.5,130.7,147.301616628176,171.0,68.1,131.3,161.8,179.4,115.1,129.720092378753,2.59,0.29,0.07,0.21999999999999997,1.0,4.0,0.07407407407407396,0.0,2.028148247292285,7,1,False,False,False,False,False,False,False,False,True,False,False
Ontario,2023,2.9,0.7,2.0,7.3,1.7,29452851,0,0,2859636,0.0,0.0,0.09709199289399861,2859636,0.0,6.989926925410339e-06,59100.0,45000.0,29.2,25.1,20.5,33.8,37.8,16.7,1.1575342465753424,141.2,136.8,152.3,186.2,145.4,161.874415204678,183.5,183.0,183.8,135.9,151.298026315789,180.3,65.3,140.5,172.8,206.5,123.9,137.938377192982,2.3,0.27,0.06,0.21000000000000002,1.0,5.0,-0.06896551724137923,-0.14285714285714302,1.9878743481543455,8,1,False,False,False,False,False,False,False,False,False,True,False
Ontario,2024,2.7,0.7,1.9,6.8,1.5,30490139,0,0,2964438,0.0,0.0,0.09722612284581582,2964438,0.0,0.0001341299518172051,,,,,,,,,,146.5,141.9,157.4,194.0,148.4,164.610007047216,189.5,190.5,188.9,141.3,156.734460887949,191.4,63.6,149.4,181.8,201.9,130.9,145.198449612403,2.26,,,,,,,,1.916922612182061,9,1,False,False,False,False,False,False,False,False,False,False,True
